{
  "course": "전략적 재고운영 및 자재계획수립",
  "session": 1,
  "part": "Part1",
  "title": "전략적 재고운영 Foundation",
  "description": "JIT에서 JIC로의 패러다임 전환과 Kraljic Matrix",
  "totalSlides": 4,
  "slides": [
    {
      "id": 1,
      "layout": "cover",
      "data": {
        "session": 1,
        "title": "Part 1. 전략적 재고운영의 패러다임 전환",
        "subtitle": "Kraljic Matrix 기반 차별화 전략",
        "course": "전략적 재고운영 및 자재계획수립",
        "date": "2025년 11월",
        "instructor": "SCM 교육팀"
      }
    },
    {
      "id": 2,
      "layout": "content-2col",
      "data": {
        "session": 1,
        "title": "도요타의 JIT, 세계를 정복하다",
        "slideNumber": 2,
        "leftTitle": "JIT의 핵심 철학",
        "leftContent": "재고 = 낭비 (Waste)\n목표 = 재고 Zero\n방법 = 적기에 필요한 만큼만\n\n1980-2010년대 전 세계 제조업의 표준이 되다",
        "rightTitle": "JIT의 7대 원칙",
        "rightContent": "Zero Inventory - 재고 최소화\nPull System - 수요 발생시만 생산\nKanban - 시각적 신호 기반\nContinuous Flow - 흐름 생산\nShort Lead Time - 리드타임 단축\nPerfect Quality - 불량 Zero\nSupplier Partnership - 긴밀한 협업"
      }
    },
    {
      "id": 3,
      "layout": "list-bullets",
      "data": {
        "session": 1,
        "title": "2020년 팬데믹: JIT의 붕괴",
        "slideNumber": 3,
        "introduction": "2020년 3월, 전 세계 공급망이 동시에 멈췄습니다",
        "items": [
          "반도체 대란: 차량 생산 1,000만대 감소, 산업 손실 $210억",
          "마스크 대란: 중국 의존도 50%, 공급 중단",
          "컨테이너 대란: 운임비 10배 폭등",
          "생산 중단: 주요 완성차 업체 수개월간 가동 중단"
        ]
      }
    },
    {
      "id": 4,
      "layout": "content-2col",
      "data": {
        "session": 1,
        "title": "전략적 재고의 부활: Just-In-Case (JIC)",
        "slideNumber": 4,
        "leftTitle": "JIT (과거)",
        "leftContent": "재고 = 낭비\n재고 최소화 (Zero)\n효율성 우선\n리스크 무시\n안전재고 최소 (1-2주)\nSingle Source\n단기 원가 절감 중심",
        "rightTitle": "JIC (현재/미래)",
        "rightContent": "재고 = 전략적 자산\n최적 재고 (Optimal)\n회복력 우선\n리스크 관리\n차별화된 안전재고 (1주-6개월)\nDual/Multi Source\nTCO + 리스크 고려"
      }
    }
  ]
}
