{
  "course": "전략적 재고운영 및 자재계획 수립",
  "session": 1,
  "title": "SCM 개념과 Kraljic Matrix",
  "totalSlides": 5,
  "description": "공급망관리(SCM)의 기본 개념과 Kraljic Matrix를 활용한 자재 분류 방법을 학습합니다",
  "slides": [
    {
      "id": 1,
      "layout": "cover",
      "data": {
        "title": "1회차: SCM 개념과 Kraljic Matrix",
        "subtitle": "전략적 재고운영의 기초",
        "course": "전략적 재고운영 및 자재계획 수립",
        "date": "2025",
        "instructor": "강사명"
      }
    },
    {
      "id": 2,
      "layout": "list-bullets",
      "data": {
        "title": "1회차 학습 목표",
        "sessionBadge": "1회차",
        "introduction": "이번 회차에서는 다음 내용을 학습합니다:",
        "items": [
          "SCM(공급망관리)의 정의 및 Value Chain 이해",
          "전략적 재고운영과 전통적 재고관리의 차이점",
          "Kraljic Matrix 프레임워크 소개",
          "4대 자재군 특성 및 분류 기준",
          "실습: 30개 자재를 Kraljic Matrix로 분류"
        ],
        "footer": "전략적 재고운영 교육",
        "slideNumber": 2
      }
    },
    {
      "id": 3,
      "layout": "content-2col",
      "data": {
        "title": "전통적 재고관리 vs 전략적 재고운영",
        "sessionBadge": "1회차",
        "leftTitle": "전통적 재고관리",
        "leftContent": "• 단순 재고 수량 관리\n• 부서별 독립 운영\n• 과거 데이터 기반 발주\n• 비용 절감 중심\n• 공급업체 단순 거래 관계",
        "rightTitle": "전략적 재고운영",
        "rightContent": "• 공급망 전체 최적화\n• 부서 간 협업 및 통합\n• AI/데이터 기반 예측\n• 가치 창출 중심\n• 공급업체 전략적 파트너십",
        "footer": "전략적 재고운영 교육",
        "slideNumber": 3
      }
    },
    {
      "id": 4,
      "layout": "list-bullets",
      "data": {
        "title": "SCM 최신 트렌드 (2025)",
        "sessionBadge": "1회차",
        "introduction": "글로벌 공급망은 다음과 같은 변화를 겪고 있습니다:",
        "items": [
          "디지털화: AI/ML 기반 수요 예측 및 재고 최적화",
          "ESG 경영: 친환경 소싱 및 탄소 배출 감축",
          "회복탄력성(Resilience): 공급망 다변화 및 리스크 관리",
          "니어쇼어링(Nearshoring): 지역 기반 공급망 구축",
          "실시간 가시성: IoT 센서를 통한 재고 모니터링"
        ],
        "footer": "전략적 재고운영 교육",
        "slideNumber": 4
      }
    },
    {
      "id": 5,
      "layout": "content-2col",
      "data": {
        "title": "Kraljic Matrix 개요",
        "sessionBadge": "1회차",
        "leftTitle": "프레임워크 목적 (Why So)",
        "leftContent": "• 1983년 Peter Kraljic이 개발한 자재 분류 체계\n• 공급 리스크와 구매 임팩트 2개 축으로 자재를 4개 군으로 분류\n• 각 자재군에 맞는 차별화된 관리 전략 수립\n• 한정된 자원을 전략적으로 배분",
        "rightTitle": "2개 축 설명",
        "rightContent": "• 공급 리스크: 공급처 제한, 대체 가능성, 시장 안정성\n• 구매 임팩트: 구매 금액, 수익 기여도, 원가 비중\n• 4개 자재군: 병목/레버리지/전략/일상",
        "footer": "전략적 재고운영 교육",
        "slideNumber": 5
      }
    }
  ]
}
