﻿교육 주제,Min,No,교육 자료,난이도,단계,중요도
[1회차] 전략적 재고운영 Foundation: Kraljic Matrix와 자재계획 방법론,45,1,,중급,Overview,높음 (High)
[2회차] 자재군별 소싱 전략 및 공급업체 관계 관리,45,2,,중급,Overview,높음 (High)
[8회차] Kraljic Matrix 실전 워크샵,45,8,,중급,기본 실습,높음 (High)
[4회차] 병목자재 전략 & ROP,45,4,,중급,병목,높음 (High)
[5회차] 레버리지자재 전략 & MRP,45,5,,중급,레버리지,높음 (High)
[6회차] 전략자재 전략 & 하이브리드 계획,45,6,,고급,전략,높음 (High)
[7회차] 일상자재 효율화 & 자동화,45,7,,초급,일상,낮음 (Low)
[9회차] 통합 워크샵: Kraljic Matrix 실전 적용,45,9,,고급,기본 실습,높음 (High)
[3회차] ABC-XYZ 재고 분류와 운영 전략,45,3,,중급,Overview,높음 (High)