﻿No,교육 주제,단계,중요도,난이도,교육 자료,Min
1,[1회차] 전략적 재고운영 Foundation: Kraljic Matrix와 자재계획 방법론,Overview,높음 (High),중급,,45
2,[2회차] 자재군별 소싱 전략 및 공급업체 관계 관리,Overview,높음 (High),중급,,45
3,[3회차] ABC-XYZ 재고 분류와 운영 전략,Overview,높음 (High),중급,,45
4,[4회차] 병목자재 전략 & ROP,병목,높음 (High),중급,,45
5,[5회차] 레버리지자재 전략 & MRP,레버리지,높음 (High),중급,,45
6,[6회차] 전략자재 전략 & 하이브리드 계획,전략,높음 (High),고급,,45
7,[7회차] 일상자재 효율화 & 자동화,일상,낮음 (Low),초급,,45
8,[8회차] Kraljic Matrix 실전 워크샵,기본 실습,높음 (High),중급,,45
9,[9회차] 통합 워크샵: Kraljic Matrix 실전 적용,기본 실습,높음 (High),고급,,45